Apt,MALWARE,SIGNATURES
APT,HIDDEN COBRA,"alert tcp any any -> any any (msg:""ET MALWARE DPRK HIDDEN COBRA DDoS Handshake Success""; dsize:6; flow:established,to_server; content:""|18 17 e9 e9 e9 e9|""; fast_pattern; reference:url,www.us-cert.gov/ncas/alerts/TA17-164A; classtype:trojan-activity; sid:2024382; rev:3; metadata:attack_target Client_Endpoint, created_at 2017_06_14, deployment Perimeter, signature_severity Major, updated_at 2020_08_19;)

alert tcp any any -> any any (msg:""ET MALWARE DPRK HIDDEN COBRA Botnet C2 Host Beacon""; flow:established,to_server; content:""|1b 17 e9 e9 e9 e9|""; depth:6; fast_pattern; reference:url,www.us-cert.gov/ncas/alerts/TA17-164A; classtype:command-and-control; sid:2024383; rev:3; metadata:attack_target Client_Endpoint, created_at 2017_06_14, deployment Perimeter, signature_severity Major, tag c2, updated_at 2020_08_19, mitre_tactic_id TA0011, mitre_tactic_name Command_And_Control, mitre_technique_id T1041, mitre_technique_name Exfiltration_Over_C2_Channel;)"
,Wiper,"alert tcp any any -> any any (msg:""ET MALWARE US-CERT TA14-353A Wiper 2""; flow:established; content:""|c9 06 d9 96 fc 37 23 5a fe f9 40 ba 4c 94 14 98|""; depth:16; reference:url,www.us-cert.gov/ncas/alerts/TA14-353A; classtype:trojan-activity; sid:2019994; rev:1; metadata:created_at 2014_12_23, updated_at 2019_07_26;)                                                                                                              alert tcp any any -> any [8000,8080] (msg:""ET MALWARE US-CERT TA14-353A WIPER4""; flow:established,to_server; dsize:42; content:""|28 00|""; depth:2; content:""|04 00 00 00|""; offset:38; depth:4; reference:url,www.us-cert.gov/ncas/alerts/TA14-353A; classtype:trojan-activity; sid:2020020; rev:1; metadata:created_at 2014_12_23, updated_at 2019_07_26;)"
,MUDDYWATER,"alert http $HOME_NET any -> $EXTERNAL_NET any (msg:""ET MALWARE MuddyWater Payload Sending Command Output to CnC""; flow:established,to_server; http.method; content:""POST""; http.uri; content:"".php?TOKEN=""; content:""&funx=res&R=""; distance:0; fast_pattern; reference:url,mp.weixin.qq.com/s/ko5ct9mnW78pD_RRqEUSkg; classtype:targeted-activity; sid:2027682; rev:2; metadata:affected_product Windows_XP_Vista_7_8_10_Server_32_64_Bit, created_at 2019_07_04, deployment Perimeter, performance_impact Low, signature_severity Major, tag MuddyWater, updated_at 2020_08_31;)
alert http $HOME_NET any -> $EXTERNAL_NET any (msg:""ET MALWARE MuddyWater Payload Registering with CnC""; flow:established,to_server; http.method; content:""POST""; http.uri; content:"".php?TOKEN=""; content:""&funx=reg&UU=""; distance:0; fast_pattern; reference:url,mp.weixin.qq.com/s/ko5ct9mnW78pD_RRqEUSkg; classtype:targeted-activity; sid:2027683; rev:2; metadata:affected_product Windows_XP_Vista_7_8_10_Server_32_64_Bit, created_at 2019_07_04, deployment Perimeter, performance_impact Low, signature_severity Major, tag MuddyWater, updated_at 2020_08_31;)
alert http $HOME_NET any -> $EXTERNAL_NET any (msg:""ET MALWARE MuddyWater Payload CnC Checkin""; flow:established,to_server; http.method; content:""POST""; http.uri; content:"".php?Tok=""; content:""&newsUID=""; distance:0; fast_pattern; reference:url,mp.weixin.qq.com/s/ko5ct9mnW78pD_RRqEUSkg; classtype:targeted-activity; sid:2027685; rev:2; metadata:affected_product Windows_XP_Vista_7_8_10_Server_32_64_Bit, created_at 2019_07_04, deployment Perimeter, performance_impact Low, signature_severity Major, tag MuddyWater, updated_at 2020_08_31;)"
APT31,SOGU,"#alert http $EXTERNAL_NET any -> $HOME_NET any (msg:""ET MALWARE W32/Sogu Remote Access Trojan Social Media Embedded CnC Channel""; flow:established,to_client; file.data; content:""DZKS""; fast_pattern; content:""DZJS""; within:50; reference:url,blogs.norman.com/2012/security-research/trojan-moves-its-configuration-to-twitter-linkedin-msdn-and-baidu; classtype:command-and-control; sid:2014618; rev:4; metadata:created_at 2012_04_20, updated_at 2024_04_08;)"
,Rekoobe,"alert dns $HOME_NET any -> any any (msg:""ET MALWARE ELF/Rekoobe CnC Observed in DNS Query""; dns.query; content:""huawel.site""; nocase; endswith; reference:url,intezer.com/blog-linux-rekoobe-operating-with-new-undetected-malware-samples/; classtype:domain-c2; sid:2029309; rev:3; metadata:affected_product Web_Browsers, attack_target Client_Endpoint, created_at 2020_01_22, deployment Perimeter, malware_family Rekoobe, signature_severity Major, updated_at 2020_10_27;)"
,Rekoobe,"alert tls $EXTERNAL_NET any -> $HOME_NET any (msg:""ET MALWARE Observed Malicious SSL Cert (ELF/Rekoobe CnC)""; flow:established,to_client; tls.cert_subject; content:""CN=kooktijd.acc.dynapps.be""; nocase; fast_pattern; endswith; tls.cert_issuer; content:""C=US, O=Let's Encrypt, CN=Let's Encrypt Authority X3""; reference:url,intezer.com/blog-linux-rekoobe-operating-with-new-undetected-malware-samples/; classtype:domain-c2; sid:2029307; rev:3; metadata:affected_product Linux, attack_target Client_and_Server, created_at 2020_01_22, deployment Perimeter, malware_family Rekoobe, performance_impact Low, signature_severity Major, tag SSL_Malicious_Cert, updated_at 2024_03_07, mitre_tactic_id TA0042, mitre_tactic_name Resource_Development, mitre_technique_id T1587, mitre_technique_name Develop_Capabilities;)"
,EvilOSX,"#alert http $EXTERNAL_NET any -> $HOME_NET any (msg:""ET MALWARE OSX/EvilOSX Client Receiving Commands""; flow:established,to_client; http.stat_code; content:""404""; file.data; content:""DEBUG""; depth:9; fast_pattern; reference:url,github.com/Marten4n6/EvilOSX/; classtype:trojan-activity; sid:2027066; rev:4; metadata:affected_product Mac_OSX, attack_target Client_Endpoint, created_at 2019_03_07, deployment Perimeter, malware_family EvilOSX, performance_impact Moderate, signature_severity Major, updated_at 2024_03_18;)"
APT3,SOGU,"#alert http $EXTERNAL_NET any -> $HOME_NET any (msg:""ET MALWARE W32/Sogu Remote Access Trojan Social Media Embedded CnC Channel""; flow:established,to_client; file.data; content:""DZKS""; fast_pattern; content:""DZJS""; within:50; reference:url,blogs.norman.com/2012/security-research/trojan-moves-its-configuration-to-twitter-linkedin-msdn-and-baidu; classtype:command-and-control; sid:2014618; rev:4; metadata:created_at 2012_04_20, updated_at 2024_04_08;)"
,SOGU,"alert tcp $HOME_NET any -> $EXTERNAL_NET [1024:] (msg:""ET ATTACK_RESPONSE LaZagne Artifact Outbound in FTP""; flow:established,to_server; content:""The LaZagne Project""; fast_pattern; reference:url,github.com/AlessandroZ/LaZagne; classtype:trojan-activity; sid:2027151; rev:2; metadata:affected_product Windows_XP_Vista_7_8_10_Server_32_64_Bit, attack_target Client_Endpoint, created_at 2019_04_04, deployment Perimeter, malware_family Stealer, malware_family LaZange, signature_severity Major, updated_at 2019_07_26;)"
,PlugX,"alert udp $HOME_NET any -> $EXTERNAL_NET !53 (msg:""ET MALWARE PlugX UDP CnC Beacon""; dsize:36; content:""|00 00 50 00 02 00 00 00 00 04 00 00 00 10 00 00 00 00 00 00|""; depth:20; content:!""|00 00|""; within:2; content:""|00 00 00 00 00 00 00 00 00 00 00 00 00|""; distance:3; within:13; reference:md5,2c65085e7c71fa2c02c9b65e9b747e5b; reference:url,trendmicro.com/cloud-content/us/pdfs/security-intelligence/white-papers/wp-operation-iron-tiger.pdf; classtype:command-and-control; sid:2021791; rev:1; metadata:attack_target Client_Endpoint, created_at 2015_09_17, deployment Perimeter, signature_severity Major, tag c2, updated_at 2019_07_26, mitre_tactic_id TA0011, mitre_tactic_name Command_And_Control, mitre_technique_id T1041, mitre_technique_name Exfiltration_Over_C2_Channel;)"
,PlugX,"alert udp $HOME_NET any -> $EXTERNAL_NET !53 (msg:""ET MALWARE PlugX UDP CnC Beacon""; dsize:36; content:""|00 00 50 00 02 00 00 00 00 04 00 00 00 10 00 00 00 00 00 00|""; depth:20; content:!""|00 00|""; within:2; content:""|00 00 00 00 00 00 00 00 00 00 00 00 00|""; distance:3; within:13; reference:md5,2c65085e7c71fa2c02c9b65e9b747e5b; reference:url,trendmicro.com/cloud-content/us/pdfs/security-intelligence/white-papers/wp-operation-iron-tiger.pdf; classtype:command-and-control; sid:2021791; rev:1; metadata:attack_target Client_Endpoint, created_at 2015_09_17, deployment Perimeter, signature_severity Major, tag c2, updated_at 2019_07_26, mitre_tactic_id TA0011, mitre_tactic_name Command_And_Control, mitre_technique_id T1041, mitre_technique_name Exfiltration_Over_C2_Channel;)"
,PlugX,"#alert dns $HOME_NET any -> any any (msg:""ET MALWARE Possible PlugX DNS Lookup (operaa.net)""; dns_query; content:""operaa.net""; depth:10; nocase; endswith; fast_pattern; reference:url,volexity.com/blog/?p=179; classtype:trojan-activity; sid:2021936; rev:4; metadata:created_at 2015_10_08, updated_at 2019_09_28;)"
,PlugX,"alert udp $HOME_NET any -> any ![80,443] (msg:""ET MALWARE Win32/PlugX Variant CnC Activity""; dsize:24; content:""|30 00|""; startswith; content:""|00 04 00 00 00 10 00 00 00 00 00 00|""; distance:9; fast_pattern; endswith; threshold:type limit, count 1, seconds 120, track by_src; reference:url,www.trendmicro.com/en_us/research/22/d/new-apt-group-earth-berberoka-targets-gambling-websites-with-old.html; classtype:trojan-activity; sid:2036499; rev:2; metadata:attack_target Client_Endpoint, created_at 2022_05_05, deployment Perimeter, deployment Internal, malware_family Win32_DLOADR_TIOIBEPQ, performance_impact Low, signature_severity Major, updated_at 2023_08_23;)"
,PlugX,"#alert dns $HOME_NET any -> any any (msg:""ET MALWARE PlugX or EvilGrab DNS Lookup (appeur.gnway.cc)""; dns_query; content:""appeur.gnway.cc""; depth:15; nocase; endswith; fast_pattern; reference:url,asert.arbornetworks.com/defending-the-white-elephant/; classtype:trojan-activity; sid:2021961; rev:4; metadata:created_at 2015_10_16, updated_at 2019_09_28;)"
,PlugX,"#alert tcp-pkt $HOME_NET any -> $EXTERNAL_NET any (msg:""ET MALWARE Win32/PlugX Related Activity""; flow:established,to_server; dsize:6; content:""feiji.""; fast_pattern; reference:url,twitter.com/0xrb/status/1503983616321552384; reference:md5,ff82ecc7bee903f3eb2e168855598d37; reference:md5,ae0bd618eedec0b1ba9f149333d08837; classtype:trojan-activity; sid:2035473; rev:2; metadata:attack_target Client_Endpoint, created_at 2022_03_16, deployment Perimeter, malware_family PlugX, signature_severity Major, updated_at 2023_03_02;)"
,PlugX,"#alert udp $HOME_NET any -> $EXTERNAL_NET any (msg:""ET MALWARE Suspected PlugX Checkin Activity (udp)""; dsize:24; content:""|30 00|""; startswith; content:""|00 00 00 bf 68|""; distance:1; within:5; content:""|00 04 00 00 00 10 00 00 00 00 00 00|""; distance:4; within:12; fast_pattern; threshold: type limit, count 1, seconds 20, track by_src; reference:md5,3db876a7ab11ce98687d381ec9207256; reference:md5,98b2faafb027cc4c225d9de1616f430c; reference:url,twitter.com/0xrb/status/1496747426505531398; classtype:trojan-activity; sid:2035308; rev:3; metadata:attack_target Client_Endpoint, created_at 2022_02_28, deployment Perimeter, malware_family PlugX, signature_severity Major, updated_at 2023_03_20;)"
,PlugX,"alert dns $HOME_NET any -> any any (msg:""ET MALWARE PlugX DNS Lookup""; dns.query; bsize:20; content:""sery.brushupdata.com""; nocase; reference:url,twitter.com/KorbenD_Intel/status/1346193938277949443; reference:md5,a587a2af22c7e18a0260cab5c06d980d; classtype:domain-c2; sid:2031520; rev:2; metadata:attack_target Client_Endpoint, created_at 2021_01_12, deployment Perimeter, malware_family PlugX, performance_impact Low, signature_severity Major, updated_at 2024_03_25;)"
,PlugX,"alert dns $HOME_NET any -> any any (msg:""ET MALWARE Win32/PlugX Related Domain in DNS Lookup""; dns.query; bsize:19; content:""aoisudoisadn.kkb.tv""; nocase; reference:md5,1634d4a7ffdd698f6ccb541719fbff5c; reference:url,twitter.com/0xrb/status/1499287458500194304; classtype:domain-c2; sid:2035386; rev:2; metadata:attack_target Client_Endpoint, created_at 2022_03_03, deployment Perimeter, signature_severity Major, updated_at 2024_03_26;)"
,PlugX,"alert dns $HOME_NET any -> any any (msg:""ET MALWARE PlugX Related Domain in DNS Lookup (ntpserver .xyz)""; dns.query; bsize:13; content:""ntpserver.xyz""; fast_pattern; nocase; reference:md5,09c120d23f986040af202607db6157f0; reference:url,twitter.com/0xrb/status/1508330395250868229; classtype:domain-c2; sid:2035626; rev:3; metadata:attack_target Client_Endpoint, created_at 2022_03_28, deployment Perimeter, signature_severity Major, updated_at 2024_03_26;)"
,PlugX,"alert dns $HOME_NET any -> any any (msg:""ET MALWARE PlugX Related Domain in DNS Lookup (cxks8 .com)""; dns.query; bsize:9; content:""cxks8.com""; fast_pattern; nocase; reference:md5,99ee1e21a34b0536b120d4a6977fd252; reference:url,twitter.com/0xrb/status/1508330395250868229; classtype:domain-c2; sid:2035627; rev:3; metadata:attack_target Client_Endpoint, created_at 2022_03_28, deployment Perimeter, signature_severity Major, updated_at 2024_03_26;)"
,PlugX,"alert dns $HOME_NET any -> any any (msg:""ET MALWARE PlugX Related Domain in DNS Lookup (wpsup .daj8 .me)""; dns.query; bsize:13; content:""wpsup.daj8.me""; nocase; reference:url,twitter.com/dark0pcodes/status/1547955372295479298; reference:md5,5bbd65399200ad5295d9cecbadcc6bc5; classtype:domain-c2; sid:2037780; rev:2; metadata:attack_target Client_Endpoint, created_at 2022_07_18, deployment Perimeter, signature_severity Major, updated_at 2024_03_26;)"
,PlugX,"alert dns $HOME_NET any -> any any (msg:""ET MALWARE PlugX Related Domain in DNS Lookup (wps .daj8 .me)""; dns.query; bsize:11; content:""wps.daj8.me""; nocase; reference:url,twitter.com/dark0pcodes/status/1547955372295479298; reference:md5,5bbd65399200ad5295d9cecbadcc6bc5; classtype:domain-c2; sid:2037781; rev:2; metadata:attack_target Client_Endpoint, created_at 2022_07_18, deployment Perimeter, signature_severity Major, updated_at 2024_03_26;)"
,PlugX,"#alert dns $HOME_NET any -> any any (msg:""ET MALWARE PlugX Related Domain in DNS Lookup (cdn .imango .ink)""; dns.query; bsize:14; content:""cdn.imango.ink""; nocase; reference:url,asec.ahnlab.com/ko/48725/; classtype:domain-c2; sid:2044525; rev:3; metadata:attack_target Client_Endpoint, created_at 2023_03_08, deployment Perimeter, signature_severity Major, updated_at 2024_03_26;)"
,PlugX,"#alert dns $HOME_NET any -> any any (msg:""ET MALWARE PlugX Related Domain in DNS Lookup (api .imango .ink)""; dns.query; bsize:14; content:""api.imango.ink""; nocase; reference:url,asec.ahnlab.com/ko/48725/; classtype:domain-c2; sid:2044526; rev:3; metadata:attack_target Client_Endpoint, created_at 2023_03_08, deployment Perimeter, signature_severity Major, updated_at 2024_03_26;)"
,PlugX,"#alert http1 $HOME_NET any -> $EXTERNAL_NET any (msg:""ET MALWARE Possible PlugX Common Header Struct""; flow:established,to_server; http.method; content:""POST""; http.header; content:""|3a 20|61456|0d 0a|""; fast_pattern; http.user_agent; content:!""Dickson/""; depth:8; http.host; content:!"".googleapis.com""; endswith; http.content_len; content:!""61456""; http.header_names; content:!""Referer""; reference:url,fireeye.com/blog/technical/targeted-attack/2014/08/operation-poisoned-hurricane.html; reference:url,alienvault.com/open-threat-exchange/blog/the-connection-between-the-plugx-chinese-gang-and-the-latest-internet-explo; reference:url,securelist.com/blog/incidents/57197/the-rush-for-cve-2013-3906-a-hot-commodity/; reference:url,fireeye.com/blog/technical/cyber-exploits/2013/11/exploit-proliferation-additional-threat-groups-acquire-cve-2013-3906.html; classtype:trojan-activity; sid:2018228; rev:11; metadata:created_at 2014_03_06, deprecation_reason False_Positive, updated_at 2024_04_07;)"
,PlugX,"alert dns $HOME_NET any -> any any (msg:""ET MALWARE Possible PlugX DNS Lookup (googlemanage.com)""; dns.query; content:""googlemanage.com""; startswith; nocase; endswith; fast_pattern; reference:url,volexity.com/blog/?p=179; classtype:trojan-activity; sid:2021935; rev:6; metadata:created_at 2015_10_08, updated_at 2024_04_13;)"
,PlugX,"alert dns $HOME_NET any -> any any (msg:""ET MALWARE PlugX or EvilGrab DNS Lookup (websecexp.com)""; dns.query; content:""websecexp.com""; startswith; nocase; endswith; fast_pattern; reference:url,asert.arbornetworks.com/defending-the-white-elephant/; classtype:trojan-activity; sid:2021960; rev:6; metadata:created_at 2015_10_16, updated_at 2024_04_13;)"
,PlugX,"alert http1 $HOME_NET any -> $EXTERNAL_NET any (msg:""ET MALWARE PlugX/Destory HTTP traffic""; flow:established,to_server; http.request_line; content:""POST|20|""; startswith; http.header_names; content:""X-Sn""; fast_pattern; content:""X-Session""; content:""X-Status""; content:""X-Size""; reference:url,circl.lu/pub/tr-24/; classtype:trojan-activity; sid:2018541; rev:6; metadata:created_at 2014_06_06, updated_at 2024_04_14;)"
,PlugX,"alert http $HOME_NET any -> $EXTERNAL_NET any (msg:""ET MALWARE PlugX CnC Beacon""; flow:established,to_server; http.method; content:""POST""; http.uri; content:""?id=""; fast_pattern; pcre:""/\?id=[a-f0-9]{8}$/""; http.header; header_lowercase; content:""accept|3a 20 2a 2f 2a 0d 0a|""; pcre:""/^[^\x3a]+\x3a\x20\d+\r\n[^\x3a]+\x3a\x20\d+\r\n[^\x3a]+\x3a\x20\d+\r\n[^\x3a]+\x3a\x20\d+\r\nUser-Agent\x3a/Ri""; http.header_names; to_lowercase; content:!""|0d 0a|accept-""; content:!""|0d 0a|referer|0d 0a|""; reference:md5,076ae76dcd0946ff913a9ce033e0ca55; classtype:command-and-control; sid:2036858; rev:5; metadata:attack_target Client_Endpoint, created_at 2015_08_20, deployment Perimeter, performance_impact Significant, signature_severity Major, tag c2, updated_at 2024_04_21, mitre_tactic_id TA0011, mitre_tactic_name Command_And_Control, mitre_technique_id T1041, mitre_technique_name Exfiltration_Over_C2_Channel;)"
,PlugX,"alert dns $HOME_NET any -> any any (msg:""ET MALWARE PlugX DNS Lookup (mailsecurityservice.com)""; dns.query; content:""mailsecurityservice.com""; startswith; nocase; endswith; fast_pattern; reference:url,citizenlab.org/2015/10/targeted-attacks-ngo-burma/; classtype:trojan-activity; sid:2021962; rev:6; metadata:created_at 2015_10_16, updated_at 2024_04_13;)"
,PlugX,"#alert http $HOME_NET any -> $EXTERNAL_NET any (msg:""ET MALWARE Win32/PlugX/Talisman Activity (POST)""; flow:established,to_server; http.method; content:""POST""; http.uri; content:"".php""; endswith; http.request_header; header_lowercase; content:""mcookie|3a 20|""; fast_pattern; startswith; pcre:""/^[0-9]-[0-9]-[0-9]{5}-[0-9]$/R""; http.header_names; to_lowercase; content:!""|0d 0a|referer|0d 0a|""; content:!""|0d 0a|accept-""; http.content_len; byte_test:0,=,0,0,string,dec; reference:md5,ecab63b6de18073453310a9c4551074b; reference:url,www.trellix.com/en-us/about/newsroom/stories/threat-labs/plugx-a-talisman-to-behold.html; classtype:trojan-activity; sid:2035689; rev:3; metadata:attack_target Client_Endpoint, created_at 2022_03_31, deployment Perimeter, malware_family PlugX, signature_severity Major, updated_at 2024_04_26;)"
,PlugX,"#alert http1 $HOME_NET any -> $EXTERNAL_NET any (msg:""ET MALWARE PlugX Activity (POST)""; flow:established,to_server; http.method; content:""POST""; http.uri; pcre:""/^\/[a-zA-z]{14}\//U""; content:""/plplpMj.php""; endswith; fast_pattern; http.header_names; content:""|0d 0a|Content-Type|0d 0a|Host|0d 0a|Content-Length|0d 0a|Expect|0d 0a|Connection|0d 0a 0d 0a|""; content:!""Referer""; http.request_body; content:""1=""; startswith; reference:md5,ab96e541284afe6ffc3fcf4d05bc971e; reference:url,twitter.com/vupt_bka/status/1497147010927194112; classtype:trojan-activity; sid:2035293; rev:3; metadata:attack_target Client_Endpoint, created_at 2022_02_25, deployment Perimeter, malware_family PlugX, signature_severity Major, updated_at 2024_04_04;)"
,PlugX,"#alert http1 $HOME_NET any -> $EXTERNAL_NET any (msg:""ET MALWARE Suspected PlugX Checkin Activity (GET)""; flow:established,to_server; http.method; content:""GET""; http.uri; pcre:""/^\/[a-zA-z]{14}\//U""; content:""/update.php""; endswith; fast_pattern; http.header_names; bsize:22; content:""|0d 0a|Host|0d 0a|Connection|0d 0a 0d 0a|""; reference:md5,ab96e541284afe6ffc3fcf4d05bc971e; reference:url,twitter.com/vupt_bka/status/1497147010927194112; classtype:trojan-activity; sid:2035292; rev:4; metadata:attack_target Client_Endpoint, created_at 2022_02_25, deployment Perimeter, malware_family PlugX, signature_severity Major, updated_at 2024_04_04;)"
,PlugX,"alert http $HOME_NET any -> $EXTERNAL_NET any (msg:""ET MALWARE PlugX/Korplug CnC Activity""; flow:established,to_server; http.method; content:""POST""; http.uri; bsize:7; content:""/script""; http.request_body; content:""v=""; startswith; fast_pattern; content:""&id=""; distance:0; content:""&uid=""; distance:0; content:""&vs=""; distance:0; http.header_names; to_lowercase; content:!""|0d 0a|referer|0d 0a|""; reference:url,www.welivesecurity.com/2021/03/10/exchange-servers-under-siege-10-apt-groups/; reference:md5,26e442aa18fcea38e4c652d346627238; classtype:command-and-control; sid:2032001; rev:3; metadata:attack_target Client_Endpoint, created_at 2021_03_12, deployment Perimeter, malware_family PlugX, performance_impact Low, signature_severity Major, updated_at 2024_04_30;)"
,PlugX,"alert http $HOME_NET any -> $EXTERNAL_NET any (msg:""ET MALWARE PlugX variant""; flow:established,to_server; http.method; content:""GET""; http.uri; content:""/p/""; startswith; pcre:""/^\/p\/(?:p(?:hphphphphphphp|thon)|(?:dropytho|admmmom)n|u(?:pdata-server|dom)|eyewheye|joompler|rubbay|tempzz)/""; http.header; content:""code.google.com""; fast_pattern; http.header_names; to_lowercase; content:!""|0d 0a|referer|0d 0a|""; content:!""|0d 0a|user-agent|0d 0a|""; content:!""|0d 0a|connection|0d 0a|""; threshold:type both, count 1, seconds 30, track by_src; reference:md5,f92e9e3e86856b5c0ee465f77a440abb; reference:url,researchcenter.paloaltonetworks.com/2014/08/attacks-east-asia-using-google-code-command-control/; reference:url,www.fireeye.com/blog/technical/targeted-attack/2014/08/operation-poisoned-hurricane.html; classtype:trojan-activity; sid:2018984; rev:12; metadata:created_at 2014_08_22, updated_at 2024_05_02;)"
,PlugX,"alert http $HOME_NET any -> $EXTERNAL_NET any (msg:""ET MALWARE Win32/Plugx CnC Activity (CONNECT)""; flow:established,to_server; http.method; content:""CONNECT""; http.uri; content:""/update?id=""; startswith; fast_pattern; http.user_agent; bsize:30; content:""Mozilla|2f|4|2e|0|20 28|compatible|3b 20|MSIE|20|""; http.content_len; bsize:1; content:""0""; http.content_type; content:""text/html""; http.header; header_lowercase; content:""proxy-connection|3a 20|Keep-Alive""; content:""proxy-authorization|3a 20|Basic|20|""; reference:url,twitter.com/StopMalvertisin/status/1628426658956075011; reference:md5,e832281f64504e3dce46860b605116a9; classtype:trojan-activity; sid:2044311; rev:5; metadata:affected_product Windows_XP_Vista_7_8_10_Server_32_64_Bit, attack_target Client_Endpoint, created_at 2023_02_23, deployment Perimeter, signature_severity Major, updated_at 2024_04_30, reviewed_at 2023_11_17;)"
APT33,ALFA,"#alert http1 $HOME_NET any -> $EXTERNAL_NET any (msg:""ET MALWARE Alfa/Alpha Ransomware Checkin""; flow:established,to_server; urilen:33; http.method; content:""GET""; http.start; content:""|20|HTTP/1.1|0d 0a|Host|3a 20|""; fast_pattern; pcre:""/^GET\x20\/[A-F0-9]{32}\x20HTTP\/1\.1\r\nHost\x3a\x20[^\r\n]+\r\n\r\n$/""; http.header_names; content:!""Accept""; content:!""Connection""; content:!""Cache-Control""; content:!""Pragma""; content:!""Referer""; content:!""User-Agent""; reference:md5,0601d824d188a42bc530f349926f1f95; reference:md5,900cacbd18f1e21cf6b5a9f842c23b72; reference:url,www.bleepingcomputer.com/news/security/new-alfa-or-alpha-ransomware-from-the-same-devs-as-cerber/; classtype:command-and-control; sid:2023083; rev:7; metadata:affected_product Windows_XP_Vista_7_8_10_Server_32_64_Bit, attack_target Client_Endpoint, created_at 2016_08_22, deployment Perimeter, deprecation_reason Age, signature_severity Major, tag Ransomware, updated_at 2024_04_06, reviewed_at 2024_04_04, mitre_tactic_id TA0040, mitre_tactic_name Impact, mitre_technique_id T1486, mitre_technique_name Data_Encrypted_for_Impact;)"
,ALFA,"alert http $EXTERNAL_NET any -> $HOME_NET any (msg:""ET WEB_CLIENT ALFA TEaM Webshell Accessed on External Compromised Server""; flow:established,to_client; file.data; content:""ALFA TEaM Shell""; nocase; fast_pattern; pcre:""/^\s*\-\s*/R""; classtype:web-application-attack; sid:2029865; rev:3; metadata:affected_product Web_Server_Applications, attack_target Web_Server, created_at 2020_04_10, deployment Perimeter, signature_severity Major, updated_at 2020_07_17;)"
,ALFA,"alert http $HTTP_SERVERS any -> $EXTERNAL_NET any (msg:""ET WEB_SERVER ALFA TEaM Webshell Accessed on Internal Compromised Server""; flow:established,to_client; file.data; content:""ALFA TEaM Shell""; nocase; fast_pattern; pcre:""/^\s*\-\s*/R""; classtype:web-application-attack; sid:2029866; rev:3; metadata:affected_product Web_Server_Applications, attack_target Web_Server, created_at 2020_04_10, deployment Perimeter, signature_severity Critical, updated_at 2020_07_17;)"
,ALFA,"alert dns $HOME_NET any -> any any (msg:""ET MALWARE ALFA Shell APT33 DNS Lookup (solevisible .com)""; dns.query; content:""solevisible.com""; nocase; endswith; threshold:type limit,count 1,track by_src,seconds 120; reference:url,fireeye.com/blog/threat-research/2017/09/apt33-insights-into-iranian-cyber-espionage.html; classtype:domain-c2; sid:2033095; rev:2; metadata:attack_target Client_Endpoint, created_at 2021_06_04, deployment Perimeter, performance_impact Low, signature_severity Major, updated_at 2021_06_04;)"
,ALFA,"alert http $EXTERNAL_NET any -> $HOME_NET any (msg:""ET WEB_CLIENT ALFA TEaM Shell Landing Page""; flow:established,to_client; http.stat_code; content:""200""; file.data; content:""|27|fun|27 2e 27|ct|27 2e 27|i|27 2e 27|o|27 2e 27|n|5f|exi|27 2e 27|s|27 2e 27|ts|27 3b|""; distance:0; content:""|27|e|27 2e 27|v|27 2e 27|a|27 2e 27|l|27 3b|""; distance:0; content:""|27|gzin|27 2e 27|f|27 2e 27|l|27 2e 27|a|27 2e 27|te|27 3b|""; distance:0; content:""|27|subst|27 2e 27|r|27 2e 27 27 3b|""; distance:0; content:""|27|or|27 2e 27|d|27 3b|""; distance:0; content:""|27|s|27 2e 27|tr|27 2e 27|le|27 2e 27|n|27 2e 27 27 3b|""; distance:0; content:""|27|s|27 2e 27|tr|27 2e 27|pos|27 2e 27 27 3b|""; distance:0; content:""|27|i|27 2e 27|mplode|27 2e 27 27 3b|""; distance:0; content:""|27|ch|27 2e 27|r|27 3b|""; distance:0; content:""|27|pr|27 2e 27|eg|27 2e 27 5f|repl|27 2e 27|ace|27 3b|""; distance:0; content:""|27|ba|27 2e 27|s|27 2e 27|e6|27 2e 27|4|27 2e 27 5f 27 2e 27|e|27 2e 27|ncod|27 2e 27|e|27 3b|""; distance:0; fast_pattern; content:""|27|b|27 2e 27|a|27 2e 27|se6|27 2e 27|4|5f|de|27 2e 27|co|27 2e 27|d|27 2e 27|e|27 2e 27 27 3b|""; distance:0; content:""|27|cre|27 2e 27|ate|5f 27 2e 27|func|27 2e 27|t|27 2e 27|ion|27|""; distance:0; reference:url,mandiant.com/resources/blog/apt33-insights-into-iranian-cyber-espionage; classtype:web-application-attack; sid:2044841; rev:1; metadata:affected_product Web_Server_Applications, attack_target Web_Server, created_at 2023_03_30, deployment Perimeter, signature_severity Major, updated_at 2023_03_30;)"
,ALFA,"#alert http1 $HOME_NET any -> $EXTERNAL_NET any (msg:""ET MALWARE Alfa/Alpha Ransomware Checkin""; flow:established,to_server; urilen:33; http.method; content:""GET""; http.start; content:""|20|HTTP/1.1|0d 0a|Host|3a 20|""; fast_pattern; pcre:""/^GET\x20\/[A-F0-9]{32}\x20HTTP\/1\.1\r\nHost\x3a\x20[^\r\n]+\r\n\r\n$/""; http.header_names; content:!""Accept""; content:!""Connection""; content:!""Cache-Control""; content:!""Pragma""; content:!""Referer""; content:!""User-Agent""; reference:md5,0601d824d188a42bc530f349926f1f95; reference:md5,900cacbd18f1e21cf6b5a9f842c23b72; reference:url,www.bleepingcomputer.com/news/security/new-alfa-or-alpha-ransomware-from-the-same-devs-as-cerber/; classtype:command-and-control; sid:2023083; rev:7; metadata:affected_product Windows_XP_Vista_7_8_10_Server_32_64_Bit, attack_target Client_Endpoint, created_at 2016_08_22, deployment Perimeter, deprecation_reason Age, signature_severity Major, tag Ransomware, updated_at 2024_04_06, reviewed_at 2024_04_04, mitre_tactic_id TA0040, mitre_tactic_name Impact, mitre_technique_id T1486, mitre_technique_name Data_Encrypted_for_Impact;)"
APT28,Chopstick,"alert http $HOME_NET any -> $EXTERNAL_NET any (msg:""ET MALWARE Win32/Chopstick Checkin (APT28 Related)""; flow:established,to_server; http.method; content:""POST""; http.uri; content:""/webhp?rel=""; fast_pattern; content:""ai=""; distance:0; pcre:""/^(?:[A-Za-z0-9_-]{4})*(?:[A-Za-z0-9_-]{2}==|[A-Za-z0-9_-]{3}=|[A-Za-z0-9_-]{4})+/R""; reference:url,www.fireeye.com/resources/pdfs/apt28.pdf; reference:md5,6fc8602c8b3a18765bb6d2307d8a4ae1; classtype:targeted-activity; sid:2019537; rev:5; metadata:created_at 2014_10_28, updated_at 2024_03_06;)"
APT27,Pandora,"alert http $EXTERNAL_NET any -> $HTTP_SERVERS any (msg:""ET WEB_SPECIFIC_APPS Pandora FMS SQLi""; flow:established,to_server; http.method; content:""POST""; http.uri; content:""/pandora_console/mobile/index.php""; http.request_body; content:""action=login""; fast_pattern; content:""user=""; distance:0; pcre:""/[^&]*(?:S(?:HOW.+(?:C(?:HARACTER.+SET|UR(DATE|TIME))|(?:VARI|T)ABLES)|ELECT.+(?:FROM|USER))|U(?:NION.+SELEC|PDATE.+SE)T|DELETE.+FROM|INSERT.+INTO|\/\*.+\*\/|EXEC)/Ri""; reference:url,www.rapid7.com/db/modules/exploit/linux/http/pandora_fms_sqli; classtype:attempted-admin; sid:2019903; rev:5; metadata:created_at 2014_12_10, updated_at 2024_03_06;)"
,Zxshell,"alert tcp $EXTERNAL_NET any -> $HOME_NET any (msg:""ET MALWARE W32/ZxShell Server Checkin Response""; flow:established,to_client; dsize:16; content:""|85 19 00 00 25 04 00 00|""; depth:8; reference:url,blogs.cisco.com/talos/opening-zxshell/; classtype:command-and-control; sid:2019587; rev:2; metadata:created_at 2014_10_29, updated_at 2024_03_06;)"
,,"alert tcp $HOME_NET any -> $EXTERNAL_NET any (msg:""ET MALWARE W32/ZxShell Checkin""; flow:established,to_client; dsize:16; content:""|86 19 00 00 04 01 00 00|""; depth:8; reference:url,blogs.cisco.com/talos/opening-zxshell/; classtype:command-and-control; sid:2019588; rev:2; metadata:created_at 2014_10_29, updated_at 2024_03_06;)"
,ghost,"alert http $HOME_NET any -> $EXTERNAL_NET any (msg:""ET MALWARE Observed Buran Ransomware UA (GHOST)""; flow:established,to_server; http.user_agent; content:""GHOST""; startswith; endswith; classtype:trojan-activity; sid:2027444; rev:4; metadata:affected_product Windows_XP_Vista_7_8_10_Server_32_64_Bit, attack_target Client_Endpoint, created_at 2019_06_10, deployment Perimeter, signature_severity Major, tag Ransomware, updated_at 2024_04_13, mitre_tactic_id TA0040, mitre_tactic_name Impact, mitre_technique_id T1486, mitre_technique_name Data_Encrypted_for_Impact;)"
,,"alert http $HOME_NET any -> $EXTERNAL_NET any (msg:""ET MALWARE Observed Buran Ransomware UA (GHOST)""; flow:established,to_server; http.user_agent; content:""GHOST""; startswith; endswith; classtype:trojan-activity; sid:2027444; rev:4; metadata:affected_product Windows_XP_Vista_7_8_10_Server_32_64_Bit, attack_target Client_Endpoint, created_at 2019_06_10, deployment Perimeter, signature_severity Major, tag Ransomware, updated_at 2024_04_13, mitre_tactic_id TA0040, mitre_tactic_name Impact, mitre_technique_id T1486, mitre_technique_name Data_Encrypted_for_Impact;)"
,htran,"alert http $HOME_NET any -> $EXTERNAL_NET any (msg:""ET MALWARE Observed Buran Ransomware UA (GHOST)""; flow:established,to_server; http.user_agent; content:""GHOST""; startswith; endswith; classtype:trojan-activity; sid:2027444; rev:4; metadata:affected_product Windows_XP_Vista_7_8_10_Server_32_64_Bit, attack_target Client_Endpoint, created_at 2019_06_10, deployment Perimeter, signature_severity Major, tag Ransomware, updated_at 2024_04_13, mitre_tactic_id TA0040, mitre_tactic_name Impact, mitre_technique_id T1486, mitre_technique_name Data_Encrypted_for_Impact;)"
,,"#alert tcp $EXTERNAL_NET any -> $HOME_NET any (msg:""ET MALWARE HTran/SensLiceld.A Checkin 2 (unicode)""; flow:established,to_client; dsize:<120; content:""|5b00|S|00|E|00|R|00|V|00|E|00|R|005d00|c|00|o|00|n|00|n|00|e|00|c|00|t|00|i|00|o|00|n|002000|t|00|o|002000|""; depth:44; reference:url,www.secureworks.com/research/threats/htran/; reference:url,www.symantec.com/connect/blogs/truth-behind-shady-rat; reference:url,www.symantec.com/security_response/writeup.jsp?docid=2010-120716-4344-99&tabid=2; reference:url,www.securelist.com/en/descriptions/10120120/Trojan-Spy.Win32.Agent.bptu; classtype:command-and-control; sid:2013362; rev:8; metadata:created_at 2011_08_05, updated_at 2024_03_06;)"
,,"#alert http1 $HOME_NET any -> $EXTERNAL_NET any (msg:""ET MALWARE Shady Rat/HTran style HTTP Header Pattern Request UHCa and Google MSIE UA""; flow:established,to_server; http.start; content:""|20|HTTP/1.1|0d 0a|User-Agent|3a 20|Mozilla/4.0 (compatible|3b| MSIE 6.0|3b| Win32|3b|Google|3b|)|0d 0a|Host|3a 20|""; fast_pattern; content:""|0d 0a|Cache-Control|3a 20|no-cache|0d 0a 0d 0a|""; within:70; reference:url,www.secureworks.com/research/threats/htran/; classtype:trojan-activity; sid:2016429; rev:6; metadata:created_at 2011_08_05, updated_at 2024_04_07;)"
,SOGU,"#alert http $EXTERNAL_NET any -> $HOME_NET any (msg:""ET MALWARE W32/Sogu Remote Access Trojan Social Media Embedded CnC Channel""; flow:established,to_client; file.data; content:""DZKS""; fast_pattern; content:""DZJS""; within:50; reference:url,blogs.norman.com/2012/security-research/trojan-moves-its-configuration-to-twitter-linkedin-msdn-and-baidu; classtype:command-and-control; sid:2014618; rev:4; metadata:created_at 2012_04_20, updated_at 2024_04_08;)"
APT25,Mirage,"#alert http1 $HOME_NET any -> $EXTERNAL_NET any (msg:""ET MALWARE Shady Rat/HTran style HTTP Header Pattern Request UHCa and Google MSIE UA""; flow:established,to_server; http.start; content:""|20|HTTP/1.1|0d 0a|User-Agent|3a 20|Mozilla/4.0 (compatible|3b| MSIE 6.0|3b| Win32|3b|Google|3b|)|0d 0a|Host|3a 20|""; fast_pattern; content:""|0d 0a|Cache-Control|3a 20|no-cache|0d 0a 0d 0a|""; within:70; reference:url,www.secureworks.com/research/threats/htran/; classtype:trojan-activity; sid:2016429; rev:6; metadata:created_at 2011_08_05, updated_at 2024_04_07;)"
APT41,Sandworm,"alert tcp $EXTERNAL_NET [445,139] -> $HOME_NET any (msg:""ET MALWARE Possible SandWorm INF Download (SMB)""; flow:established,to_client; content:""Software|5c|Microsoft|5c|Windows|5c|CurrentVersion|5c|Run""; nocase; content:""7EBEFBC0-3200-11d2-B4C2-00A0C9697D17""; fast_pattern; nocase; content:""ClassGuid""; nocase; content:""DefaultInstall""; nocase; classtype:attempted-user; sid:2019398; rev:3; metadata:created_at 2014_10_14, updated_at 2024_03_06;)
alert tcp $EXTERNAL_NET [445,139] -> $HOME_NET any (msg:""#alert http $HOME_NET any -> $EXTERNAL_NET any (msg:""ET CURRENT_EVENTS BlackEnergy URI Struct Oct 17 2014 BE5""; flow:established,to_server; http.uri; content:""/ZXBzaWxvbmVyaWRhbmkw/""; reference:url,github.com/hosom/bro-sandworm/blob/master/sandworm.sig; classtype:trojan-activity; sid:2019465; rev:3; metadata:created_at 2014_10_17, updated_at 2024_03_18;)
alert http $HOME_NET any -> $EXTERNAL_NET any (msg:""ET CURRENT_EVENTS BlackEnergy URI Struct Oct 17 2014 BE4""; flow:established,to_server; http.uri; content:""/U2FsdXNhU2VjdW5kdXMy/""; reference:url,github.com/hosom/bro-sandworm/blob/master/sandworm.sig; classtype:trojan-activity; sid:2019464; rev:3; metadata:created_at 2014_10_17, updated_at 2024_03_18;)
alert http $HOME_NET any -> $EXTERNAL_NET any (msg:""ET CURRENT_EVENTS BlackEnergy URI Struct Oct 17 2014 BE3""; flow:established,to_server; http.uri; content:""/QmFzaGFyb2Z0aGVTYXJkYXVrYXJz/""; reference:url,github.com/hosom/bro-sandworm/blob/master/sandworm.sig; classtype:trojan-activity; sid:2019463; rev:3; metadata:created_at 2014_10_17, updated_at 2024_03_18;)
alert http $HOME_NET any -> $EXTERNAL_NET any (msg:""ET CURRENT_EVENTS BlackEnergy URI Struct Oct 17 2014 BE2""; flow:established,to_server; http.uri; content:""/aG91c2VhdHJlaWRlczk0/""; reference:url,github.com/hosom/bro-sandworm/blob/master/sandworm.sig; classtype:trojan-activity; sid:2019462; rev:3; metadata:created_at 2014_10_17, updated_at 2024_03_18;)
alert http $HOME_NET any -> $EXTERNAL_NET any (msg:""ET CURRENT_EVENTS BlackEnergy URI Struct Oct 17 2014 BE1""; flow:established,to_server; http.uri; content:""/YXJyYWtpczAy/""; reference:url,github.com/hosom/bro-sandworm/blob/master/sandworm.sig; classtype:trojan-activity; sid:2019461; rev:3; metadata:created_at 2014_10_17, updated_at 2024_03_18;)ET MALWARE Possible SandWorm INF Download (SMB UNICODE)""; flow:established,to_client; content:""S|00|o|00|f|00|t|00|w|00|a|00|r|00|e|00 5c 00|M|00|i|00|c|00|r|00|o|00|s|00|o|00|f|00|t|00 5c 00|W|00|i|00|n|00|d|00|o|00|w|00|s|00 5c 00|C|00|u|00|r|00|r|00|e|00|n|00|t|00|V|00|e|00|r|00|s|00|i|00|o|00|n|00 5c 00|R|00|u|00|n|00|""; nocase; content:""7|00|E|00|B|00|E|00|F|00|B|00|C|00|0|00 2d 00|3|00|2|00|0|00|0|00 2d 00|1|00|1|00|d|00|2|00 2d 00|B|00|4|00|C|00|2|00 2d 00|0|00|0|00|A|00|0|00|C|00|9|00|6|00|9|00|7|00|D|00|1|00|7""; fast_pattern; nocase; content:""C|00|l|00|a|00|s|00|s|00|G|00|u|00|i|00|d|00|""; nocase; content:""D|00|e|00|f|00|a|00|u|00|l|00|t|00|I|00|n|00|s|00|t|00|a|00|l|00|l|00|""; nocase; classtype:attempted-user; sid:2019399; rev:4; metadata:created_at 2014_10_14, updated_at 2024_03_06;)                          alert dns $HOME_NET any -> any any (msg:""ET MALWARE FROZENBARENTS (SANDWORM) APT Related Domain in DNS Lookup (cpcpipe .org)""; dns.query; bsize:11; content:""cpcpipe.org""; nocase; reference:url,blog.google/threat-analysis-group/ukraine-remains-russias-biggest-cyber-focus-in-2023/; classtype:social-engineering; sid:2045110; rev:3; metadata:affected_product Windows_XP_Vista_7_8_10_Server_32_64_Bit, attack_target Client_Endpoint, created_at 2023_04_20, deployment Perimeter, deprecation_reason Relevance, malware_family SANDWORM, malware_family FROZENBARENTS, performance_impact Low, signature_severity Major, tag SANDWORM, tag FROZENBARENTS, updated_at 2024_03_27, reviewed_at 2023_08_21;)
alert dns $HOME_NET any -> any any (msg:""ET MALWARE FROZENBARENTS (SANDWORM) APT Related Domain in DNS Lookup (ukroboronprom .com .ukr .pm)""; dns.query; bsize:24; content:""ukroboronprom.com.ukr.pm""; nocase; reference:url,blog.google/threat-analysis-group/ukraine-remains-russias-biggest-cyber-focus-in-2023/; classtype:social-engineering; sid:2045111; rev:3; metadata:affected_product Windows_XP_Vista_7_8_10_Server_32_64_Bit, attack_target Client_Endpoint, created_at 2023_04_20, deployment Perimeter, deprecation_reason Age, malware_family SANDWORM, malware_family FROZENBARENTS, performance_impact Low, signature_severity Major, tag SANDWORM, tag FROZENBARENTS, updated_at 2024_03_27, reviewed_at 2023_08_21;)
alert dns $HOME_NET any -> any any (msg:""ET MALWARE FROZENBARENTS (SANDWORM) APT Related Domain in DNS Lookup (cpcpipe .com)""; dns.query; bsize:11; content:""cpcpipe.com""; nocase; reference:url,blog.google/threat-analysis-group/ukraine-remains-russias-biggest-cyber-focus-in-2023/; classtype:social-engineering; sid:2045112; rev:3; metadata:affected_product Windows_XP_Vista_7_8_10_Server_32_64_Bit, attack_target Client_Endpoint, created_at 2023_04_20, deployment Perimeter, deprecation_reason Age, malware_family SANDWORM, malware_family FROZENBARENTS, performance_impact Low, signature_severity Major, tag SANDWORM, tag FROZENBARENTS, updated_at 2024_03_27, reviewed_at 2023_08_21;)"
,Microcin,"alert dns $HOME_NET any -> any any (msg:""ET MALWARE Microcin Backdoor Related Domain in DNS Lookup (m .necemarket .com)""; dns.query; bsize:16; content:""m.necemarket.com""; nocase; reference:url,securelist.com/moonbounce-the-dark-side-of-uefi-firmware/105468/; classtype:domain-c2; sid:2034954; rev:2; metadata:attack_target Client_Endpoint, created_at 2022_01_20, deployment Perimeter, signature_severity Major, updated_at 2024_03_26;)
alert dns $HOME_NET any -> any any (msg:""ET MALWARE Microcin Backdoor Related Domain in DNS Lookup (holdmem .dbhubspi .com)""; dns.query; bsize:20; content:""holdmem.dbhubspi.com""; nocase; reference:url,securelist.com/moonbounce-the-dark-side-of-uefi-firmware/105468/; classtype:domain-c2; sid:2034955; rev:2; metadata:attack_target Client_Endpoint, created_at 2022_01_20, deployment Perimeter, signature_severity Major, updated_at 2024_03_26;)"
APT26,SOGU,"#alert http $EXTERNAL_NET any -> $HOME_NET any (msg:""ET MALWARE W32/Sogu Remote Access Trojan Social Media Embedded CnC Channel""; flow:established,to_client; file.data; content:""DZKS""; fast_pattern; content:""DZJS""; within:50; reference:url,blogs.norman.com/2012/security-research/trojan-moves-its-configuration-to-twitter-linkedin-msdn-and-baidu; classtype:command-and-control; sid:2014618; rev:4; metadata:created_at 2012_04_20, updated_at 2024_04_08;)"
APT40,SOGU,"#alert http $EXTERNAL_NET any -> $HOME_NET any (msg:""ET MALWARE W32/Sogu Remote Access Trojan Social Media Embedded CnC Channel""; flow:established,to_client; file.data; content:""DZKS""; fast_pattern; content:""DZJS""; within:50; reference:url,blogs.norman.com/2012/security-research/trojan-moves-its-configuration-to-twitter-linkedin-msdn-and-baidu; classtype:command-and-control; sid:2014618; rev:4; metadata:created_at 2012_04_20, updated_at 2024_04_08;)"
APT22,SOGU,"#alert http $EXTERNAL_NET any -> $HOME_NET any (msg:""ET MALWARE W32/Sogu Remote Access Trojan Social Media Embedded CnC Channel""; flow:established,to_client; file.data; content:""DZKS""; fast_pattern; content:""DZJS""; within:50; reference:url,blogs.norman.com/2012/security-research/trojan-moves-its-configuration-to-twitter-linkedin-msdn-and-baidu; classtype:command-and-control; sid:2014618; rev:4; metadata:created_at 2012_04_20, updated_at 2024_04_08;)"
APT21,SOGU,"#alert http $EXTERNAL_NET any -> $HOME_NET any (msg:""ET MALWARE W32/Sogu Remote Access Trojan Social Media Embedded CnC Channel""; flow:established,to_client; file.data; content:""DZKS""; fast_pattern; content:""DZJS""; within:50; reference:url,blogs.norman.com/2012/security-research/trojan-moves-its-configuration-to-twitter-linkedin-msdn-and-baidu; classtype:command-and-control; sid:2014618; rev:4; metadata:created_at 2012_04_20, updated_at 2024_04_08;)"
APT20,SOGU,"#alert http $EXTERNAL_NET any -> $HOME_NET any (msg:""ET MALWARE W32/Sogu Remote Access Trojan Social Media Embedded CnC Channel""; flow:established,to_client; file.data; content:""DZKS""; fast_pattern; content:""DZJS""; within:50; reference:url,blogs.norman.com/2012/security-research/trojan-moves-its-configuration-to-twitter-linkedin-msdn-and-baidu; classtype:command-and-control; sid:2014618; rev:4; metadata:created_at 2012_04_20, updated_at 2024_04_08;)"
,,
,,
,,
,,
,,
,,
,,
,,
,,
,,
,,
,,
,,
,,
,,
,,
,,
,,
,,
,,
,,
,,
,,
,,
,,
,,
APT32,BEACON,"alert tcp $HOME_NET any -> $EXTERNAL_NET $HTTP_PORTS (msg:""ET MALWARE Night Dragon CnC Beacon Outbound""; flow:established,to_server; dsize:16; content:""|01 50 00 00 00 00 00 00 00 00 00 01 68 57 24 13|""; threshold: type limit, count 1, seconds 60, track by_src; reference:url,www.mcafee.com/us/resources/white-papers/wp-global-energy-cyberattacks-night-dragon.pdf; classtype:command-and-control; sid:2012303; rev:4; metadata:attack_target Client_Endpoint, created_at 2011_02_10, deployment Perimeter, signature_severity Major, tag c2, updated_at 2019_07_26, mitre_tactic_id TA0011, mitre_tactic_name Command_And_Control, mitre_technique_id T1041, mitre_technique_name Exfiltration_Over_C2_Channel;)"
,,"#alert tcp $HOME_NET any -> $EXTERNAL_NET $HTTP_PORTS (msg:""ET DELETED Linux/SSHDoor.A User Login CnC Beacon""; flow:established,to_server; content:""sid=""; http_uri; content:""|3A|""; http_uri; content:""&uname=""; http_uri; reference:url,blog.eset.com/2013/01/24/linux-sshdoor-a-backdoored-ssh-daemon-that-steals-passwords; classtype:command-and-control; sid:2016315; rev:3; metadata:attack_target Client_Endpoint, created_at 2013_01_30, deployment Perimeter, signature_severity Major, tag c2, updated_at 2019_07_26, mitre_tactic_id TA0011, mitre_tactic_name Command_And_Control, mitre_technique_id T1041, mitre_technique_name Exfiltration_Over_C2_Channel;)"
,,"#alert http $HOME_NET any -> $EXTERNAL_NET any (msg:""ET DELETED W32/Asprox Spam Module CnC Beacon""; flow:established,to_server; content:""POST""; http_method; content:""/index.php""; http_uri; content:""Content-Disposition|3A| form-data|3B| name=|22|sid|22|""; http_client_body; content:""Content-Disposition|3A| form-data|3B| name=|22|up|22|""; http_client_body; distance:0; content:""Content-Disposition|3A| form-data|3B| name=|22|ping|22|""; fast_pattern:32,11; http_client_body; distance:0; content:""Content-Disposition|3A| form-data|3B| name=|22|guid|22|""; distance:0; http_client_body; reference:url,www.welivesecurity.com/2013/03/08/sinkholing-trojan-downloader-zortob-b-reveals-fast-growing-malware-threat/; reference:url,www.trendmicro.com/cloud-content/us/pdfs/security-intelligence/white-papers/wp-asprox-reborn.pdf; classtype:command-and-control; sid:2016561; rev:3; metadata:attack_target Client_Endpoint, created_at 2013_03_12, deployment Perimeter, signature_severity Major, tag c2, updated_at 2019_07_26, mitre_tactic_id TA0011, mitre_tactic_name Command_And_Control, mitre_technique_id T1041, mitre_technique_name Exfiltration_Over_C2_Channel;)"
,,"alert tcp $HOME_NET any -> $EXTERNAL_NET any (msg:""ET WORM W32/Njw0rm CnC Beacon""; flow:established,to_server; content:""lv0njxq80""; depth:9; content:""njxq80""; distance:0; reference:url,www.fireeye.com/blog/technical/malware-research/2013/08/njw0rm-brother-from-the-same-mother.html; reference:md5,4c60493b14c666c56db163203e819272; reference:md5,b0e1d20accd9a2ed29cdacb803e4a89d; classtype:command-and-control; sid:2017404; rev:3; metadata:attack_target Client_Endpoint, created_at 2013_08_31, deployment Perimeter, signature_severity Major, tag c2, updated_at 2019_07_26, mitre_tactic_id TA0011, mitre_tactic_name Command_And_Control, mitre_technique_id T1041, mitre_technique_name Exfiltration_Over_C2_Channel;)"
,,"#alert http $HOME_NET any -> $EXTERNAL_NET any (msg:""ET DELETED W32/Ferret DDOS Bot CnC Beacon""; flow:established,to_server; urilen:14; content:""POST""; http_method; content:""/hor/input.php""; http_uri; content:""Mozilla Gecko Firefox 25""; http_user_agent; content:""m=""; http_client_body; depth:2; content:""&h=""; http_client_body; within:50; reference:md5,c49e3411294521d63c7cc28e08cf8a77; reference:url,www.arbornetworks.com/asert/2013/12/a-business-of-ferrets/; classtype:command-and-control; sid:2017883; rev:3; metadata:attack_target Client_Endpoint, created_at 2013_12_19, deployment Perimeter, signature_severity Major, tag c2, updated_at 2019_07_26, mitre_tactic_id TA0011, mitre_tactic_name Command_And_Control, mitre_technique_id T1041, mitre_technique_name Exfiltration_Over_C2_Channel;)"
,,"#alert http $HOME_NET any -> $EXTERNAL_NET any (msg:""ET DELETED W32/Azbreg.Backdoor CnC Beacon""; flow:established,to_server; urilen:17; content:""/instant_messages""; http_uri; content:""sid=""; http_cookie; content:""locale=""; http_cookie; distance:0; content:""name=""; http_cookie; distance:0; content:""password=""; http_cookie; content:""uid=""; http_cookie; distance:0; reference:md5,4b435a3f43d0e7ffa71453cf18804b70; classtype:command-and-control; sid:2018151; rev:2; metadata:attack_target Client_Endpoint, created_at 2014_02_18, deployment Perimeter, signature_severity Major, tag c2, updated_at 2019_07_26, mitre_tactic_id TA0011, mitre_tactic_name Command_And_Control, mitre_technique_id T1041, mitre_technique_name Exfiltration_Over_C2_Channel;)"
,,"#alert http $HOME_NET any -> $EXTERNAL_NET any (msg:""ET DELETED W32/Azbreg.Backdoor CnC Beacon""; flow:established,to_server; urilen:17; content:""/instant_messages""; http_uri; content:""sid=""; http_cookie; content:""locale=""; http_cookie; distance:0; content:""name=""; http_cookie; distance:0; content:""password=""; http_cookie; content:""uid=""; http_cookie; distance:0; reference:md5,4b435a3f43d0e7ffa71453cf18804b70; classtype:command-and-control; sid:2018151; rev:2; metadata:attack_target Client_Endpoint, created_at 2014_02_18, deployment Perimeter, signature_severity Major, tag c2, updated_at 2019_07_26, mitre_tactic_id TA0011, mitre_tactic_name Command_And_Control, mitre_technique_id T1041, mitre_technique_name Exfiltration_Over_C2_Channel;)"
,,"#alert tcp $HOME_NET any -> $EXTERNAL_NET 1024: (msg:""ET MALWARE W32/FakeFlash.Dropper Initial CnC Beacon""; flow:established,to_server; dsize:8; content:""PutToken""; depth:8; reference:md5,43839d131dff01e9b752d91c2c8f68a8; classtype:command-and-control; sid:2018185; rev:1; metadata:attack_target Client_Endpoint, created_at 2014_02_27, deployment Perimeter, signature_severity Major, tag c2, updated_at 2019_07_26, mitre_tactic_id TA0011, mitre_tactic_name Command_And_Control, mitre_technique_id T1041, mitre_technique_name Exfiltration_Over_C2_Channel;)"
,,"#alert tcp $EXTERNAL_NET 1024: -> $HOME_NET any (msg:""ET MALWARE W32/FakeFlash.Dropper Initial CnC Beacon Acknowledgement""; flow:established,to_client; dsize:12; content:""TokenRecived""; depth:12; reference:md5,43839d131dff01e9b752d91c2c8f68a8; classtype:command-and-control; sid:2018186; rev:1; metadata:attack_target Client_Endpoint, created_at 2014_02_27, deployment Perimeter, signature_severity Major, tag c2, updated_at 2019_07_26, mitre_tactic_id TA0011, mitre_tactic_name Command_And_Control, mitre_technique_id T1041, mitre_technique_name Exfiltration_Over_C2_Channel;)"
,,"#alert tcp $HOME_NET any -> $EXTERNAL_NET 1024: (msg:""ET MALWARE W32/FakeFlash.Dropper PutInformation CnC Beacon""; flow:established,to_server; dsize:18; content:""PutInformation_New""; depth:18; reference:md5,43839d131dff01e9b752d91c2c8f68a8; classtype:command-and-control; sid:2018187; rev:1; metadata:attack_target Client_Endpoint, created_at 2014_02_27, deployment Perimeter, signature_severity Major, tag c2, updated_at 2019_07_26, mitre_tactic_id TA0011, mitre_tactic_name Command_And_Control, mitre_technique_id T1041, mitre_technique_name Exfiltration_Over_C2_Channel;)"
,,"#alert tcp $EXTERNAL_NET 1024: -> $HOME_NET any (msg:""ET MALWARE W32/FakeFlash.Dropper GetInformation CnC Beacon Acknowledgement""; flow:established,to_client; dsize:14; content:""GetInformation""; depth:14; reference:md5,43839d131dff01e9b752d91c2c8f68a8; classtype:command-and-control; sid:2018188; rev:1; metadata:attack_target Client_Endpoint, created_at 2014_02_27, deployment Perimeter, signature_severity Major, tag c2, updated_at 2019_07_26, mitre_tactic_id TA0011, mitre_tactic_name Command_And_Control, mitre_technique_id T1041, mitre_technique_name Exfiltration_Over_C2_Channel;)"
,,"#alert http $HOME_NET any -> $EXTERNAL_NET any (msg:""ET DELETED W32/Alina.POS-Trojan CnC Beacon""; flow:established,to_server; content:""POST""; http_method; urilen:20; content:""/insidee/loading.php""; fast_pattern:only; http_uri; content:""User-Agent|3A| Mozilla/4.0 (compatible|3B| MSIE 7.0|3B| Windows NT 5.1|3B| InfoPath.1 Spark v1.1|0D 0A|""; http_header; reference:url,pages.arbornetworks.com/rs/arbor/images/Uncovering_PoS_Malware.pdf; classtype:command-and-control; sid:2018473; rev:2; metadata:attack_target Client_Endpoint, created_at 2014_05_14, deployment Perimeter, signature_severity Major, tag c2, updated_at 2019_07_26, mitre_tactic_id TA0011, mitre_tactic_name Command_And_Control, mitre_technique_id T1041, mitre_technique_name Exfiltration_Over_C2_Channel;)"